<application>
  <component name="FileTypeManager" version="19">
    <extensionMap>
      <mapping ext="avif" type="Image" />
      <removed_mapping ext="ejs" approved="true" type="HTML" />
      <removed_mapping ext="ignore" approved="true" type="IgnoreLang file" />
      <removed_mapping ext="njk" approved="true" type="HTML" />
      <removed_mapping ext="njk" approved="true" type="Jade" />
      <removed_mapping ext="postman_collection" approved="true" type="JSON" />
      <removed_mapping ext="postman_collection.json" approved="true" type="JSON" />
      <removed_mapping ext="postman_environment" approved="true" type="JSON" />
      <removed_mapping ext="postman_environment.json" approved="true" type="JSON" />
      <removed_mapping pattern="*ejs" approved="true" type="HTML" />
      <removed_mapping pattern=".ejs" approved="true" type="EJS" />
      <removed_mapping pattern=".ejs" approved="true" type="HTML" />
    </extensionMap>
  </component>
</application>