<application>
  <component name="LanguageInjectionConfiguration">
    <injection language="JQuery-CSS" injector-id="js">
      <display-name>JQuery selectors</display-name>
      <suffix>{}</suffix>
      <single-file value="true" />
      <place disabled="true"><![CDATA[jqueryArgument()]]></place>
    </injection>
    <injection language="EJS" injector-id="js">
      <display-name>New Js Injection</display-name>
      <single-file value="true" />
    </injection>
    <injection language="JavaScript" injector-id="js">
      <display-name>React JSX in JS strings</display-name>
      <single-file value="true" />
      <place disabled="true"><![CDATA[isReactJSXLikeText()]]></place>
    </injection>
  </component>
</application>