<application>
  <component name="IntentionManagerSettings">
    <ignoreAction name="Choose template data language/Template language settings" />
    <ignoreAction name="CSS/Apply width and height of background image" />
    <ignoreAction name="CSS/Change color" />
    <ignoreAction name="CSS/Convert color to #-hex" />
    <ignoreAction name="CSS/Convert color to gray()" />
    <ignoreAction name="CSS/Convert color to hsl()" />
    <ignoreAction name="CSS/Convert color to hwb()" />
    <ignoreAction name="CSS/Convert color to lch()" />
    <ignoreAction name="CSS/Convert color to oklch()" />
    <ignoreAction name="CSS/Convert color to rgb()" />
    <ignoreAction name="CSS/Create selector" />
    <ignoreAction name="CSS/Expand shorthand property" />
    <ignoreAction name="CSS/Extract image" />
    <ignoreAction name="CSS/Extract inline CSS" />
    <ignoreAction name="CSS/Extract ruleset" />
    <ignoreAction name="CSS/Replace quotes" />
    <ignoreAction name="CSS/Replace var() with its fallback value" />
    <ignoreAction name="CSS/Replace with color name" />
    <ignoreAction name="EditorConfig/Add declaration part" />
    <ignoreAction name="EditorConfig/Invert option value" />
    <ignoreAction name="Flow JS/Specify variable type explicitly" />
    <ignoreAction name="HTML/Convert entity" />
    <ignoreAction name="HTML/Update image size" />
    <ignoreAction name="HTTP Client/Acquire or refresh Auth token" />
    <ignoreAction name="HTTP Client/Add GraphQL JSON variables block" />
    <ignoreAction name="HTTP Client/Clear browser cookies" />
    <ignoreAction name="HTTP Client/Convert to cURL and copy to clipboard" />
    <ignoreAction name="HTTP Client/Force acquire Auth token" />
    <ignoreAction name="HTTP Client/Move HTTP Requests" />
    <ignoreAction name="HTTP Client/Put parameters on one line" />
    <ignoreAction name="HTTP Client/Put parameters on separate lines" />
    <ignoreAction name="HTTP Client/Set value for secured value" />
    <ignoreAction name="HTTP Client/Switch environment" />
    <ignoreAction name="JavaScript/Convert 'for-in' to 'forEach' call" />
    <ignoreAction name="JavaScript/Convert anonymous function to named function" />
    <ignoreAction name="JavaScript/Convert indexed 'for' to 'forEach' call" />
    <ignoreAction name="JavaScript/Convert parameters to object" />
    <ignoreAction name="JavaScript/Convert parameters to object and introduce interface" />
    <ignoreAction name="JavaScript/Convert to function expression" />
    <ignoreAction name="JavaScript/Edit values of object literal properties" />
    <ignoreAction name="JavaScript/Infer parameter types from usages" />
    <ignoreAction name="JavaScript/Install @types for the package" />
    <ignoreAction name="JavaScript/Introduce local variable" />
    <ignoreAction name="JavaScript/Join subsequent variable declarations" />
    <ignoreAction name="JavaScript/Remove quotes from property names" />
    <ignoreAction name="JavaScript/Replace with indexer access" />
    <ignoreAction name="JavaScript/Replace with property access" />
    <ignoreAction name="JavaScript/Split declarations" />
    <ignoreAction name="JavaScript/Wrap property names in quotes" />
    <ignoreAction name="JavaScript/Boolean/De Morgan's laws" />
    <ignoreAction name="JavaScript/Boolean/Flip comparison" />
    <ignoreAction name="JavaScript/Boolean/Flip conjunction operands" />
    <ignoreAction name="JavaScript/Boolean/Negate comparison" />
    <ignoreAction name="JavaScript/Boolean/Remove boolean equality" />
    <ignoreAction name="JavaScript/Comments/Move comment to separate line" />
    <ignoreAction name="JavaScript/Comments/Replace with JSDoc comment" />
    <ignoreAction name="JavaScript/Comments/Replace with a multiline comment" />
    <ignoreAction name="JavaScript/Comments/Replace with a single-line comment" />
    <ignoreAction name="JavaScript/Conditional Operator/Flip 'if'" />
    <ignoreAction name="JavaScript/Conditional Operator/Flip conditional" />
    <ignoreAction name="JavaScript/Conditional Operator/Replace 'if...else' with conditional" />
    <ignoreAction name="JavaScript/Conditional Operator/Replace conditional with 'if...else'" />
    <ignoreAction name="JavaScript/Control Flow/Add braces" />
    <ignoreAction name="JavaScript/Control Flow/Merge 'else-if'" />
    <ignoreAction name="JavaScript/Control Flow/Merge equivalent 'if' statements to '||' condition" />
    <ignoreAction name="JavaScript/Control Flow/Merge nested 'if' statements to '&amp;&amp;' condition" />
    <ignoreAction name="JavaScript/Control Flow/Merge parallel 'if' statements" />
    <ignoreAction name="JavaScript/Control Flow/Remove braces" />
    <ignoreAction name="JavaScript/Control Flow/Replace 'if' with 'switch'" />
    <ignoreAction name="JavaScript/Control Flow/Replace 'switch' with 'if'" />
    <ignoreAction name="JavaScript/Control Flow/Split '&amp;&amp;' condition to nested 'if' statements" />
    <ignoreAction name="JavaScript/Control Flow/Split 'else-if'" />
    <ignoreAction name="JavaScript/Control Flow/Split '||' condition to equivalent 'if' statements" />
    <ignoreAction name="JavaScript/Control Flow/Unwrap 'else'" />
    <ignoreAction name="JavaScript/Declaration/Split declaration and initialization" />
    <ignoreAction name="JavaScript/Declaration/Split declaration and move to scope start" />
    <ignoreAction name="JavaScript/ECMAScript 6/Add default export" />
    <ignoreAction name="JavaScript/ECMAScript 6/Add export" />
    <ignoreAction name="JavaScript/ECMAScript 6/Change ES6 import path" />
    <ignoreAction name="JavaScript/ECMAScript 6/Convert arrow function to anonymous function" />
    <ignoreAction name="JavaScript/ECMAScript 6/Convert function and its member declarations to class" />
    <ignoreAction name="JavaScript/ECMAScript 6/Convert template string to use visible line separators" />
    <ignoreAction name="JavaScript/ECMAScript 6/Convert to async function" />
    <ignoreAction name="JavaScript/ECMAScript 6/Convert to multi-line string template" />
    <ignoreAction name="JavaScript/ECMAScript 6/Create derived class / Implement interface" />
    <ignoreAction name="JavaScript/ECMAScript 6/Create getter" />
    <ignoreAction name="JavaScript/ECMAScript 6/Create getter and setter" />
    <ignoreAction name="JavaScript/ECMAScript 6/Create setter" />
    <ignoreAction name="JavaScript/ECMAScript 6/Declare explicit class fields" />
    <ignoreAction name="JavaScript/ECMAScript 6/Expand optional chaining or nullish coalescing to explicit checks" />
    <ignoreAction name="JavaScript/ECMAScript 6/Generate destructuring pattern" />
    <ignoreAction name="JavaScript/ECMAScript 6/Initialize new fields from parameters" />
    <ignoreAction name="JavaScript/ECMAScript 6/Insert template string argument" />
    <ignoreAction name="JavaScript/ECMAScript 6/Introduce object or array destructuring" />
    <ignoreAction name="JavaScript/ECMAScript 6/Iterate with 'for..of'" />
    <ignoreAction name="JavaScript/ECMAScript 6/Make 'public'" />
    <ignoreAction name="JavaScript/ECMAScript 6/Make private using '#'" />
    <ignoreAction name="JavaScript/ECMAScript 6/Move to a file with matching name" />
    <ignoreAction name="JavaScript/ECMAScript 6/Propagate to destructuring declaration" />
    <ignoreAction name="JavaScript/ECMAScript 6/Remove export" />
    <ignoreAction name="JavaScript/ECMAScript 6/Remove numeric separators" />
    <ignoreAction name="JavaScript/ECMAScript 6/Rename file to match type name" />
    <ignoreAction name="JavaScript/ECMAScript 6/Replace 'for..of' with indexed 'for' loop" />
    <ignoreAction name="JavaScript/ECMAScript 6/Replace 'forEach' with 'for..of' loop" />
    <ignoreAction name="JavaScript/ECMAScript 6/Replace 'forEach' with indexed 'for' loop" />
    <ignoreAction name="JavaScript/ECMAScript 6/Replace 'map' array call with 'for..of' loop" />
    <ignoreAction name="JavaScript/ECMAScript 6/Replace destructuring with property and index access" />
    <ignoreAction name="JavaScript/ECMAScript 6/Replace nested calls with pipeline expression" />
    <ignoreAction name="JavaScript/ECMAScript 6/Replace pipe expression with nested calls" />
    <ignoreAction name="JavaScript/ECMAScript 6/Replace with 'await Promise.all'" />
    <ignoreAction name="JavaScript/ECMAScript 6/Replace with array destructuring" />
    <ignoreAction name="JavaScript/ECMAScript 6/Replace with destructuring and short-hand properties" />
    <ignoreAction name="JavaScript/ECMAScript 6/Replace with object destructuring" />
    <ignoreAction name="JavaScript/ECMAScript 6/Separate digits" />
    <ignoreAction name="JavaScript/ECMAScript 6/Use optional chaining or nullish coalescing" />
    <ignoreAction name="JavaScript/JSX/Unwrap attribute value" />
    <ignoreAction name="JavaScript/JSX/Wrap attribute value with {}" />
    <ignoreAction name="JavaScript/Language Injection/Annotate injection with comment" />
    <ignoreAction name="JavaScript/Language Injection/Disable formatting for injected content" />
    <ignoreAction name="JavaScript/Numbers/Convert to binary" />
    <ignoreAction name="JavaScript/Numbers/Convert to decimal" />
    <ignoreAction name="JavaScript/Numbers/Convert to hexadecimal" />
    <ignoreAction name="JavaScript/Numbers/Convert to octal" />
    <ignoreAction name="JavaScript/Numbers/Flip operands of an arithmetic operation" />
    <ignoreAction name="JavaScript/Other/Compute constant value" />
    <ignoreAction name="JavaScript/Other/Compute constant value of sub-expression" />
    <ignoreAction name="JavaScript/Other/Convert to operator assignment" />
    <ignoreAction name="JavaScript/Other/Extract increment" />
    <ignoreAction name="JavaScript/Other/Replace double-quoted string with single-quoted string" />
    <ignoreAction name="JavaScript/Other/Replace single-quoted string with double-quoted string" />
    <ignoreAction name="JavaScript/Other/Sort properties alphabetically" />
    <ignoreAction name="JavaScript/Shift Operation/Replace multiply with shift" />
    <ignoreAction name="JavaScript/Shift Operation/Replace shift with multiply" />
    <ignoreAction name="JSON/Evaluate JSONPath Expression" />
    <ignoreAction name="JSON/Missing optional properties" />
    <ignoreAction name="JSON/Sort properties alphabetically" />
    <ignoreAction name="Language injection/Edit injected fragment" />
    <ignoreAction name="Language injection/Edit injection settings" />
    <ignoreAction name="Language injection/Inject language or reference" />
    <ignoreAction name="Language injection/Uninject language or reference" />
    <ignoreAction name="LightEdit mode/Open file in project…" />
    <ignoreAction name="LSP/Apply code action" />
    <ignoreAction name="Markdown/Configure image" />
    <ignoreAction name="Markdown/Hide problems in code fences" />
    <ignoreAction name="Markdown/Insert column" />
    <ignoreAction name="Markdown/Remove column" />
    <ignoreAction name="Markdown/Remove row" />
    <ignoreAction name="Markdown/Set column alignment" />
    <ignoreAction name="Microservices/Open in web browser" />
    <ignoreAction name="Other/Convert absolute path to relative" />
    <ignoreAction name="Other/Convert relative path to absolute" />
    <ignoreAction name="Other/Create new scratch file from selection" />
    <ignoreAction name="Other/Flip comma" />
    <ignoreAction name="Other/Put elements on multiple lines" />
    <ignoreAction name="Other/Put elements on one line" />
    <ignoreAction name="RegExp/Check RegExp" />
    <ignoreAction name="Shell script/Explain shell" />
    <ignoreAction name="Shell script/Rename all occurrences" />
    <ignoreAction name="TypeScript/Add enum values" />
    <ignoreAction name="TypeScript/Add string enum values" />
    <ignoreAction name="TypeScript/Convert field to parameter property" />
    <ignoreAction name="TypeScript/Convert import require to import from" />
    <ignoreAction name="TypeScript/Convert parameter property to field" />
    <ignoreAction name="TypeScript/Convert to parameter properties" />
    <ignoreAction name="TypeScript/Convert type alias to enum" />
    <ignoreAction name="TypeScript/Convert type alias to interface" />
    <ignoreAction name="TypeScript/Disable coloring of narrowed types" />
    <ignoreAction name="TypeScript/Generate reference path comment" />
    <ignoreAction name="TypeScript/Implement in derived classes" />
    <ignoreAction name="TypeScript/Make 'private'" />
    <ignoreAction name="TypeScript/Make 'protected'" />
    <ignoreAction name="XML/Add 'xsi:schemaLocation' attribute" />
    <ignoreAction name="XML/Choose color" />
    <ignoreAction name="XML/Collapse empty tag" />
    <ignoreAction name="XML/Convert CDATA to text" />
    <ignoreAction name="XML/Convert attribute to child tag" />
    <ignoreAction name="XML/Convert tag to attribute" />
    <ignoreAction name="XML/Convert text to CDATA" />
    <ignoreAction name="XML/Expand empty tag" />
    <ignoreAction name="XML/Fetch external resource" />
    <ignoreAction name="XML/Insert namespace prefix" />
    <ignoreAction name="XML/Manually set up external resource" />
    <ignoreAction name="XML/Merge tags" />
    <ignoreAction name="XML/Rearrange tag attributes" />
    <ignoreAction name="XML/Remove attribute" />
    <ignoreAction name="XML/Remove tag (preserves children)" />
    <ignoreAction name="XML/Reset to default namespace" />
    <ignoreAction name="XML/Split current tag" />
  </component>
</application>