<application>
  <component name="ProjectManager">
    <defaultProject>
      <component name="PropertiesComponent">{
  &quot;keyToString&quot;: {
    &quot;settings.editor.selected.configurable&quot;: &quot;preferences.pluginManager&quot;
  }
}</component>
      <component name="VcsDirectoryMappings" defaultProject="true" />
      <component name="WindowStateProjectService">
        <state x="738" y="1365" width="424" height="524" key="FileChooserDialogImpl" timestamp="1740881746307">
          <screen x="0" y="1080" width="1920" height="1080" />
        </state>
        <state x="738" y="1365" width="424" height="524" key="FileChooserDialogImpl/0.1080.1920.1080/0.0.1920.1080" timestamp="1740881746307" />
        <state x="516" y="1186" width="1125" height="912" key="SettingsEditor" timestamp="1735487915338">
          <screen x="0" y="1080" width="1920" height="1080" />
        </state>
        <state x="516" y="1186" width="1125" height="912" key="SettingsEditor/0.1080.1920.1080/0.0.1920.1080" timestamp="1735487915338" />
      </component>
    </defaultProject>
  </component>
</application>