<application>
  <component name="CachedDictionaryState">
    <words>
      <w>allegrostyle</w>
      <w>avif</w>
      <w>compinit</w>
      <w>mcedit</w>
      <w>mirrorlist</w>
      <w>mozjpeg</w>
      <w>msapplication</w>
      <w>multipass</w>
      <w>navbutton</w>
      <w>noconfirm</w>
      <w>npmrc</w>
      <w>outdir</w>
      <w>paccache</w>
      <w>pkg's</w>
      <w>placename</w>
      <w>poweroff</w>
      <w>qdtq</w>
      <w>remapper</w>
      <w>selectel</w>
      <w>swapoff</w>
      <w>swapon</w>
      <w>syyu</w>
      <w>webmanifest</w>
      <w>xlarge</w>
    </words>
  </component>
</application>