<application>
  <component name="TextMateBuiltinBundlesSettings">
    <option name="turnedOffBundleNames">
      <list>
        <option value="adoc" />
        <option value="bat" />
        <option value="bicep" />
        <option value="bicepparam" />
        <option value="clojure" />
        <option value="cmake" />
        <option value="coffeescript" />
        <option value="cpp" />
        <option value="csharp" />
        <option value="dart" />
        <option value="erlang" />
        <option value="fsharp" />
        <option value="go" />
        <option value="groovy" />
        <option value="handlebars" />
        <option value="hcl" />
        <option value="hlsl" />
        <option value="java" />
        <option value="jsp" />
        <option value="julia" />
        <option value="kconfig" />
        <option value="kotlin" />
        <option value="latex" />
        <option value="lua" />
        <option value="make" />
        <option value="mdx" />
        <option value="objective-c" />
        <option value="perl" />
        <option value="powershell" />
        <option value="r" />
        <option value="razor" />
        <option value="ruby" />
        <option value="rust" />
        <option value="shaderlab" />
        <option value="swift" />
        <option value="terraform" />
        <option value="twig" />
        <option value="vb" />
        <option value="viml" />
      </list>
    </option>
  </component>
</application>