<application>
  <component name="Trusted.Paths">
    <option name="TRUSTED_PROJECT_PATHS">
      <map>
        <entry key="$USER_HOME$/.var" value="true" />
        <entry key="$USER_HOME$/audio" value="true" />
        <entry key="$USER_HOME$/github/Landing" value="true" />
        <entry key="$USER_HOME$/github/demo-lib" value="true" />
        <entry key="$USER_HOME$/github/js-calculator" value="true" />
        <entry key="$USER_HOME$/public-repo" value="true" />
        <entry key="$USER_HOME$/public-repo/Landing" value="true" />
        <entry key="$USER_HOME$/web/projects/allegrostyle.ru" value="true" />
        <entry key="$USER_HOME$/web/projects/learn-code.ru" value="true" />
      </map>
    </option>
  </component>
  <component name="Trusted.Paths.Settings">
    <option name="TRUSTED_PATHS">
      <list>
        <option value="$USER_HOME$/web/projects" />
        <option value="$USER_HOME$" />
      </list>
    </option>
  </component>
</application>