<application>
  <component name="DimensionService">
    <location key="find.popup.0.1080.1920.1080" x="442" y="1080" />
    <size key="GridCell.Tab.0.left.0.1080.1920.1080" width="1562" height="314" />
    <size key="GridCell.Tab.0.center.0.1080.1920.1080" width="1562" height="314" />
    <size key="GridCell.Tab.0.right.0.1080.1920.1080" width="1562" height="314" />
    <size key="GridCell.Tab.0.bottom.0.1080.1920.1080" width="1562" height="314" />
    <size key="GridCell.Tab.1.left.0.1080.1920.1080" width="1530" height="314" />
    <size key="GridCell.Tab.1.center.0.1080.1920.1080" width="1530" height="314" />
    <size key="GridCell.Tab.1.right.0.1080.1920.1080" width="1530" height="314" />
    <size key="GridCell.Tab.1.bottom.0.1080.1920.1080" width="1530" height="314" />
    <size key="GridCell.Tab.2.left.0.1080.1920.1080" width="1530" height="314" />
    <size key="GridCell.Tab.2.center.0.1080.1920.1080" width="1530" height="314" />
    <size key="GridCell.Tab.2.right.0.1080.1920.1080" width="1530" height="314" />
    <size key="GridCell.Tab.2.bottom.0.1080.1920.1080" width="1530" height="314" />
    <size key="GridCell.Tab.3.left.0.1080.1920.1080" width="1838" height="314" />
    <size key="GridCell.Tab.3.center.0.1080.1920.1080" width="1838" height="314" />
    <size key="GridCell.Tab.3.right.0.1080.1920.1080" width="1838" height="314" />
    <size key="GridCell.Tab.3.bottom.0.1080.1920.1080" width="1838" height="314" />
    <size key="find.popup.0.1080.1920.1080" width="740" height="654" />
    <size key="GridCell.Tab.0.left.0.1080.1920.1080@120dpi" width="1575" height="233" />
    <size key="GridCell.Tab.0.center.0.1080.1920.1080@120dpi" width="1575" height="233" />
    <size key="GridCell.Tab.0.right.0.1080.1920.1080@120dpi" width="1575" height="233" />
    <size key="GridCell.Tab.0.bottom.0.1080.1920.1080@120dpi" width="1575" height="233" />
    <size key="GridCell.Tab.0.left.0.0.1920.1080" width="1566" height="347" />
    <size key="GridCell.Tab.0.center.0.0.1920.1080" width="1566" height="347" />
    <size key="GridCell.Tab.0.right.0.0.1920.1080" width="1566" height="347" />
    <size key="GridCell.Tab.0.bottom.0.0.1920.1080" width="1566" height="347" />
  </component>
  <component name="WindowManager">
    <frame x="0" y="1080" width="1920" height="1080" extendedState="6" />
  </component>
  <component name="WindowStateApplicationService">
    <state x="609" y="1345" width="424" height="495" key="FileChooserDialogImpl" timestamp="1741414935611">
      <screen x="0" y="1080" width="1920" height="1080" />
    </state>
    <state x="609" y="1345" width="424" height="495" key="FileChooserDialogImpl/0.1080.1920.1080/0.0.1920.1080" timestamp="1741414935611" />
    <state width="451" height="142" key="ShowUsagesActions.dimensionServiceKey" timestamp="1741256396844">
      <screen x="0" y="1080" width="1920" height="1080" />
    </state>
    <state width="451" height="142" key="ShowUsagesActions.dimensionServiceKey/0.1080.1920.1080/0.0.1920.1080" timestamp="1741256396844" />
    <state x="960" y="468" width="800" height="650" key="WELCOME_SCREEN" timestamp="1741414896502">
      <screen x="0" y="0" width="1920" height="1080" />
    </state>
    <state x="960" y="468" width="800" height="650" key="WELCOME_SCREEN/0.1080.1920.1080/0.0.1920.1080" timestamp="1741414896502" />
  </component>
</application>