<keymap version="1" name="Sublime Text copy" parent="Sublime Text">
  <action id="ActivateTerminalToolWindow">
    <keyboard-shortcut first-keystroke="alt t" />
  </action>
  <action id="Activategithub.copilotToolWindowToolWindow">
    <keyboard-shortcut first-keystroke="alt g" />
  </action>
  <action id="Arrangement.Rule.Edit" />
  <action id="BookmarksView.Rename" />
  <action id="CallInlineCompletionAction">
    <keyboard-shortcut first-keystroke="shift alt t" />
  </action>
  <action id="ChangesView.Rename">
    <keyboard-shortcut first-keystroke="shift f6" />
  </action>
  <action id="Console.TableResult.EditValue">
    <keyboard-shortcut first-keystroke="enter" />
    <keyboard-shortcut first-keystroke="alt enter" />
  </action>
  <action id="Console.TableResult.GotoReferencedResult">
    <mouse-shortcut keystroke="button1 doubleClick" />
    <keyboard-shortcut first-keystroke="enter" />
    <keyboard-shortcut first-keystroke="alt enter" />
  </action>
  <action id="Git.Rename.Local.Branch">
    <keyboard-shortcut first-keystroke="shift f6" />
  </action>
  <action id="Git.Reword.Commit">
    <keyboard-shortcut first-keystroke="shift f6" />
  </action>
  <action id="GotoNextBookmark" />
  <action id="HippieCompletion" />
  <action id="ReplaceInPath">
    <keyboard-shortcut first-keystroke="alt f" />
  </action>
  <action id="Run">
    <keyboard-shortcut first-keystroke="shift f10" />
    <keyboard-shortcut first-keystroke="f2" />
  </action>
  <action id="ShelvedChanges.Rename">
    <keyboard-shortcut first-keystroke="shift f6" />
  </action>
  <action id="SmartTypeCompletion">
    <keyboard-shortcut first-keystroke="alt e" />
  </action>
  <action id="Synchronize">
    <keyboard-shortcut first-keystroke="ctrl alt y" />
    <keyboard-shortcut first-keystroke="alt r" />
  </action>
  <action id="Table-startEditing" />
  <action id="Tree-startEditing" />
  <action id="Vcs.ToggleAmendCommitMode" />
  <action id="XDebugger.SetValue" />
  <action id="com.codeium.intellij.AcceptSingleWordAction">
    <keyboard-shortcut first-keystroke="shift alt close_bracket" />
  </action>
  <action id="copilot.chat.inline">
    <keyboard-shortcut first-keystroke="shift ctrl g" />
    <keyboard-shortcut first-keystroke="alt c" />
  </action>
  <action id="copilot.git.commit.button">
    <keyboard-shortcut first-keystroke="alt m" />
  </action>
</keymap>