<keymap version="1" name="Sublime Text копировать" parent="Sublime Text">
  <action id="ActivateTODOToolWindow">
    <keyboard-shortcut first-keystroke="shift ctrl t" />
  </action>
  <action id="ActivateTerminalToolWindow">
    <keyboard-shortcut first-keystroke="alt f12" />
    <keyboard-shortcut first-keystroke="alt t" />
  </action>
  <action id="ActivatenpmToolWindow">
    <keyboard-shortcut first-keystroke="alt n" />
  </action>
  <action id="ChangesView.ShelveSilently" />
  <action id="CodeCompletion">
    <keyboard-shortcut first-keystroke="alt e" />
  </action>
  <action id="CodeFloatingToolbar.GotoPrevMenu" />
  <action id="CollapsiblePanel-toggle" />
  <action id="Console.TableResult.ColumnVisibility" />
  <action id="EditorUnindentSelection">
    <keyboard-shortcut first-keystroke="shift tab" />
  </action>
  <action id="Exit">
    <keyboard-shortcut first-keystroke="ctrl q" />
  </action>
  <action id="FileStructurePopup" />
  <action id="GotoSymbol" />
  <action id="PrevParameter" />
  <action id="PreviousTemplateVariable" />
  <action id="QuickPreview" />
  <action id="ReopenClosedTab" />
  <action id="ReplaceInPath">
    <keyboard-shortcut first-keystroke="shift ctrl h" />
    <keyboard-shortcut first-keystroke="ctrl r" />
  </action>
  <action id="RerunTests" />
  <action id="SearchEverywhere.PrevTab" />
  <action id="ServiceView.ShowServices" />
  <action id="SmartTypeCompletion">
    <keyboard-shortcut first-keystroke="ctrl space" />
    <keyboard-shortcut first-keystroke="alt e" />
  </action>
  <action id="SplitChooser.PreviousWindow" />
  <action id="SplitChooser.SplitCenter" />
  <action id="StartStopMacroRecording" />
  <action id="StructuralSearchPlugin.StructuralReplaceAction">
    <keyboard-shortcut first-keystroke="shift ctrl r" />
  </action>
  <action id="Synchronize">
    <keyboard-shortcut first-keystroke="ctrl alt y" />
    <keyboard-shortcut first-keystroke="alt r" />
  </action>
  <action id="Terminal.NewTab" />
  <action id="Terminal.SearchInCommandHistory" />
  <action id="UsageFiltering.ReadAccess" />
  <action id="ViewToolButtons">
    <keyboard-shortcut first-keystroke="alt b" />
  </action>
  <action id="com.codeium.intellij.AcceptDiffAction">
    <keyboard-shortcut first-keystroke="alt d" />
  </action>
  <action id="com.codeium.intellij.AcceptSingleWordAction">
    <keyboard-shortcut first-keystroke="shift alt close_bracket" />
    <keyboard-shortcut first-keystroke="alt w" />
  </action>
  <action id="com.codeium.intellij.TriggerCompletionAction">
    <keyboard-shortcut first-keystroke="alt back_slash" />
    <keyboard-shortcut first-keystroke="alt c" />
  </action>
  <action id="com.codeium.intellij.editor_menu.RefactorSelection">
    <keyboard-shortcut first-keystroke="shift alt r" />
  </action>
</keymap>